epoch,train_loss,train_acc,val_loss,val_acc,val_macro_f1,lr,epoch_time_s
0,0.26812774858073046,0.9116847826086957,0.14677250385284424,0.9442934782608695,0.944163763930163,0.00029424149348354894,3.134420871734619
1,0.07630958626775639,0.9765625,0.07530074566602707,0.9741847826086957,0.9740807670850987,0.00029379250456204245,3.073976516723633
2,0.0631706484583328,0.9809782608695652,0.045528583228588104,0.9864130434782609,0.9863896713298462,0.00029244830596352795,4.60798978805542
3,0.05050087976269424,0.9840353260869565,0.05938483402132988,0.9809782608695652,0.9809545493971724,0.00029021718511935675,3.9451711177825928
4,0.040280181714637285,0.9874320652173914,0.22810570895671844,0.9103260869565217,0.9087066309203318,0.0002871128976314561,3.1434435844421387
5,0.03304093974040133,0.990828804347826,0.031297218054533005,0.9877717391304348,0.9877728603995924,0.0002831545824644692,3.2447078227996826
6,0.026740013216824635,0.9898097826086957,0.026292728260159492,0.9932065217391305,0.9932172375900814,0.000278366643947674,3.910485029220581
7,0.034140102407115555,0.9877717391304348,0.030805781483650208,0.9918478260869565,0.9918366595478313,0.0002727786013141776,4.492295503616333
8,0.027026966018045485,0.9904891304347826,0.08351505547761917,0.96875,0.9688183062664254,0.0002664249067050282,3.1185731887817383
9,0.03212095818067293,0.9898097826086957,0.022221770137548447,0.9932065217391305,0.9931990573679947,0.00025934473276030914,3.152153491973877
10,0.019433834748190788,0.9945652173913043,0.023399697616696358,0.9932065217391305,0.9932060702285567,0.0002515817311067863,3.2060532569885254
11,0.01663239110063802,0.9928668478260869,0.046921227127313614,0.9836956521739131,0.9837559027158518,0.0002431837632311137,4.77197790145874
12,0.01967108048974415,0.9928668478260869,0.033896297216415405,0.9850543478260869,0.9850049142100067,0.00023420260539785251,3.28999400138855
13,0.022183016765705797,0.9904891304347826,0.012590182945132256,0.9972826086956522,0.9972788662312853,0.00022469362943158285,3.1367526054382324
14,0.015889960059607605,0.9945652173913043,0.008881776593625546,0.9972826086956522,0.9972826086956521,0.0002147154613311922,3.0990028381347656
15,0.014669935647638657,0.9955842391304348,0.01497845258563757,0.9945652173913043,0.9945577324625705,0.00020432961982109704,4.530444145202637
16,0.014400085586163661,0.9952445652173914,0.006413748953491449,0.998641304347826,0.9986412943148505,0.00019360013706784984,3.8555715084075928
17,0.014459660086646656,0.9955842391304348,0.006212341599166393,0.998641304347826,0.9986412943148505,0.00018259316390053948,3.097896099090576
18,0.012386558461319351,0.9952445652173914,0.013782328926026821,0.9932065217391305,0.9932278788265565,0.00017137656196893237,3.077843427658081
19,0.017462822984785104,0.9945652173913043,0.01643185317516327,0.9932065217391305,0.9932052673948848,0.00016001948535383553,3.8261630535125732
20,0.011041881590442601,0.9959239130434783,0.010178920812904835,0.9972826086956522,0.9972788662312853,0.00014859195420919224,4.807640552520752
21,0.013792235207169459,0.9949048913043478,0.005320651922374964,0.998641304347826,0.9986412943148505,0.000137164423064549,3.1841719150543213
22,0.009543845024460967,0.9969429347826086,0.006631023250520229,0.9959239130434783,0.995923642137134,0.00012580734644945219,3.2676503658294678
23,0.01297589439396372,0.9959239130434783,0.006822619121521711,0.998641304347826,0.9986412943148505,0.00011459074451784505,3.3413333892822266
24,0.007991000931803643,0.9979619565217391,0.008512181229889393,0.9972826086956522,0.9972825284300695,0.00010358377135053466,5.006232976913452
