epoch,lr,epoch_time_s,train_loss,train_l1,train_ssim,val_l1,val_psnr,val_ssim,val_objective
0,0.0003125838887063886,33.346354484558105,0.3665218850516755,0.13505882547115503,0.37612173220385675,0.10692132264375687,17.085163116455078,0.4129423499107361,0.6939789727330208
1,0.00031237183795529124,31.64205765724182,0.32040269186963205,0.10971915191444366,0.44534500396769977,0.10014782100915909,17.361356735229492,0.4572783410549164,0.6428694799542427
2,0.00031173626691836844,30.64766550064087,0.30244033071010007,0.10472661779140649,0.477728107539208,0.09607543051242828,17.73651123046875,0.48410990834236145,0.6119655221700668
3,0.0003106789176516544,31.453845739364624,0.28996962438458984,0.10105330869555473,0.4999803571921328,0.09003355354070663,18.2230224609375,0.5121386051177979,0.5778949484229088
4,0.0003092026882759938,31.837647199630737,0.2812761807733256,0.1000277490719505,0.5171994817969592,0.10258661955595016,17.341650009155273,0.5031982660293579,0.5993883535265923
5,0.0003073116250334937,31.231072187423706,0.2732469000570152,0.09754029580432436,0.5313905453228432,0.08822808414697647,18.554790496826172,0.537137508392334,0.5510905757546425
6,0.00030501091119705583,31.428646564483643,0.2671608480260424,0.0967176442803896,0.5433288040044515,0.08775307983160019,18.358766555786133,0.54776531457901,0.5399877652525902
7,0.000302306852863385,31.116825103759766,0.2611252267885467,0.0947001284474264,0.5538320278991824,0.08673170208930969,18.43757438659668,0.5561667680740356,0.530564934015274
8,0.00029920686166841717,31.27813458442688,0.2574297814913418,0.09391110017895699,0.560759027529022,0.08560476452112198,18.617965698242188,0.5638118386268616,0.5217929258942604
9,0.00029571943447253993,31.304938316345215,0.25577537974585657,0.09424190429727668,0.5646207141487495,0.08556268364191055,18.6356201171875,0.5707024335861206,0.51486025005579
10,0.0002918541300712891,31.27743649482727,0.2530710552211689,0.09394124215063841,0.5699975918168607,0.08752632141113281,18.276952743530273,0.5720328092575073,0.5154935121536255
11,0.00028762154299535447,31.14576816558838,0.2514868905038937,0.0939881774880316,0.5733953228463298,0.08442695438861847,18.727710723876953,0.5829168558120728,0.5015100985765457
12,0.0002830332744717077,31.11600351333618,0.24757350657297217,0.09152336374087178,0.5789193293970564,0.08214440196752548,18.962491989135742,0.5849524140357971,0.49719198793172836
13,0.0002781019006254455,31.266074180603027,0.246395456807121,0.09202315370835688,0.581962915542333,0.0823475569486618,19.026729583740234,0.5891745090484619,0.4931730479001999
14,0.00027284093800950476,31.48650360107422,0.24415872845312822,0.09127299819627534,0.5858525173819583,0.0818517804145813,19.08194923400879,0.5943398475646973,0.48751193284988403
15,0.0002672648065567308,31.504159212112427,0.2420486141320156,0.09036217314069686,0.5892960830875065,0.08320071548223495,18.88180923461914,0.5956017374992371,0.4875989779829979
16,0.0002613887900558436,31.517369508743286,0.2411290711682776,0.09025047869300065,0.5911138472349747,0.08066801726818085,19.043977737426758,0.596261739730835,0.4844062775373459
17,0.0002552289942596351,31.38875389099121,0.2397232744032922,0.08975684367444205,0.5935338486147963,0.08195262402296066,18.970108032226562,0.5956720113754272,0.4862806126475334
18,0.0002488023027402206,31.325695514678955,0.23888508926915086,0.08998574713326019,0.595558493681576,0.08068124204874039,19.006120681762695,0.6041606068611145,0.4765206351876259
19,0.00024212633061234092,31.332282543182373,0.23832354038629844,0.09077341275532609,0.5976201908096023,0.07936714589595795,19.17887306213379,0.6086511015892029,0.47071604430675507
20,0.0002352193762515575,31.226539611816406,0.23596685436432777,0.08953572931173055,0.6012210583557254,0.07995721697807312,18.993040084838867,0.6100701093673706,0.4698871076107025
21,0.0002281003711396767,31.26245927810669,0.23602858015700526,0.09073264969755775,0.6024215198729349,0.0796758309006691,19.2042293548584,0.6089481115341187,0.47072771936655045
22,0.0002207888279748743,31.21190357208252,0.2333155933605588,0.08908170862528293,0.6063153614168582,0.08011643588542938,19.06862449645996,0.6134082674980164,0.466708168387413
23,0.00021330478718874576,31.39113736152649,0.23266152146717775,0.08844812692183515,0.6069922162138898,0.08029892295598984,19.18671989440918,0.6070103645324707,0.47328855842351913
24,0.00020566876201687657,31.492615461349487,0.23284590689708357,0.08930225451679333,0.6075524972832721,0.07952619343996048,19.18658447265625,0.6174266338348389,0.4620995596051216
25,0.00019790168227348928,31.65416169166565,0.23068163122819818,0.08864524187115223,0.6113926512391671,0.07911350578069687,19.269699096679688,0.6200811862945557,0.4590323194861412
26,0.00019002483698427739,31.362541675567627,0.22938071288492368,0.08804191102314254,0.6134691918673723,0.07958094030618668,19.158376693725586,0.6193184852600098,0.4602624550461769
27,0.0001820598160346659,31.312999486923218,0.22946956049165,0.0880447392878325,0.6132847015624461,0.07749073207378387,19.379812240600586,0.6241142749786377,0.4533764570951462
28,0.0001740284509934358,31.272381067276,0.2271536422650451,0.08663004993096642,0.6166026686196742,0.07801040261983871,19.2856388092041,0.6197925209999084,0.45821788161993027
29,0.00016595275527391174,31.253368616104126,0.22787042342774247,0.08729802987173847,0.6158316274699958,0.0788334459066391,19.326627731323242,0.619513213634491,0.45932023227214813
30,0.00015785486379672634,31.193805932998657,0.2268105447292328,0.08755811980075162,0.6183591371645099,0.07766009122133255,19.413755416870117,0.6244329810142517,0.45322711020708084
31,0.00014975697231954088,31.15443992614746,0.2252481744989105,0.08624876318904369,0.6202028251212576,0.07696754485368729,19.471895217895508,0.6287396550178528,0.4482278898358345
32,0.00014168127660001684,31.262256145477295,0.22508890878247179,0.08591567789730818,0.6201688255304876,0.07627690583467484,19.499570846557617,0.6274951696395874,0.44878173619508743
33,0.0001336499115587867,31.4693341255188,0.2248051890536495,0.08741143965364798,0.6224310935839362,0.0774320513010025,19.319120407104492,0.6287798881530762,0.44865216314792633
34,0.00012568489060917518,31.60190987586975,0.22310428621004458,0.0861043878628508,0.6245699068126471,0.07837346941232681,19.271808624267578,0.6333826184272766,0.4449908509850502
35,0.00011780804531996335,31.442688703536987,0.22303453954341618,0.0859300507961408,0.6245233636835347,0.07668250799179077,19.461261749267578,0.6323868036270142,0.4442957043647766
36,0.00011004096557657606,31.23698329925537,0.22357394246627454,0.08648994722929985,0.6240067465797715,0.07818172127008438,19.48470687866211,0.6260145306587219,0.45216719061136246
37,0.0001024049404047069,31.153324604034424,0.22265718642460264,0.08580155294064594,0.6251774086900379,0.07585616409778595,19.50564193725586,0.6335673332214355,0.4422888308763504
38,9.492089961857837e-05,31.159552335739136,0.22183792236382546,0.08516440099186223,0.6261991605810497,0.07643111795186996,19.43402862548828,0.6331791877746582,0.44325193017721176
39,8.760935645377589e-05,31.10381054878235,0.22162800703359686,0.08639669778716305,0.6280126257435136,0.0762244313955307,19.43762969970703,0.6337623596191406,0.4424620717763901
40,8.049035134189512e-05,31.064177751541138,0.22140407019659228,0.08590898529181014,0.6279432763871939,0.07678022980690002,19.444438934326172,0.6367793679237366,0.44000086188316345
41,7.358339698111172e-05,31.466201782226562,0.22052155370297638,0.08543965013940698,0.629285197219123,0.07695139199495316,19.448640823364258,0.6374570727348328,0.4394943192601204
42,6.690742485323204e-05,31.459553003311157,0.2193929271205612,0.08454055173079604,0.6306690298344778,0.07541749626398087,19.529996871948242,0.6388339400291443,0.4365835562348366
43,6.048073333381754e-05,31.413816690444946,0.21870104272080504,0.08470639347544183,0.6323145896844242,0.07553370296955109,19.553306579589844,0.6396970152854919,0.43583668768405914
44,5.432093753760907e-05,31.184366941452026,0.2193734717109929,0.08446609710707613,0.6306273312024449,0.07556698471307755,19.525070190429688,0.6397805213928223,0.4357864633202553
45,4.84449210367218e-05,31.20552945137024,0.2188200660697792,0.08503712681324585,0.6324309615985207,0.07503104209899902,19.584060668945312,0.6404643654823303,0.4345666766166687
46,4.2868789583947884e-05,31.11246347427368,0.2185453425930894,0.08416367816212385,0.6320399816917337,0.07523465156555176,19.623672485351562,0.639352560043335,0.4358820915222168
47,3.7607826968007115e-05,31.089493989944458,0.21880266102759735,0.0845169282477835,0.6318893260929895,0.07540034502744675,19.54766082763672,0.6411482691764832,0.4342520758509636
48,3.267645312174486e-05,31.33639669418335,0.2184083328946777,0.08446170948445797,0.6326607012230417,0.07521362602710724,19.59648895263672,0.6407385468482971,0.4344750791788101
49,2.8088184598098078e-05,31.41220188140869,0.21740275791481786,0.08355954410913198,0.6337812523479047,0.07489291578531265,19.602703094482422,0.639064371585846,0.4358285441994667
50,2.3855597522163436e-05,31.572679042816162,0.21725992129548735,0.08380451195103966,0.6343552764991055,0.07495995610952377,19.630542755126953,0.6402685046195984,0.4346914514899254
51,1.9990293120912616e-05,31.186662912368774,0.21827422867974508,0.08399325912899297,0.6324230562085691,0.074722521007061,19.590198516845703,0.6420912146568298,0.43263130635023117
52,1.6502865925035346e-05,31.1452853679657,0.21731619269627592,0.083325468449165,0.6337038068019826,0.07483622431755066,19.58977508544922,0.642663836479187,0.43217238783836365
53,1.3402874730067512e-05,31.143418550491333,0.21652702517483546,0.08308237859898288,0.6351001398718875,0.0748266950249672,19.60820960998535,0.6407361030578613,0.43409059196710587
54,1.0698816396396732e-05,31.20096254348755,0.2167806550860405,0.08311552947144145,0.6346013675565305,0.07500948011875153,19.616910934448242,0.6417592167854309,0.4332502633333206
55,8.3981025599588e-06,31.187851905822754,0.21658476215341818,0.08315581192626902,0.6350598539347234,0.07483848184347153,19.638141632080078,0.6417374610900879,0.43310102075338364
56,6.5070393174587555e-06,31.310826539993286,0.21616500486498294,0.08277848180707383,0.6355267837643623,0.07471471279859543,19.614826202392578,0.6429985761642456,0.4317161366343498
57,5.0308099417981114e-06,31.427148580551147,0.2156615402225567,0.0824645551164513,0.6362409909134326,0.07448188215494156,19.653776168823242,0.6415773034095764,0.43290457874536514
58,3.9734606750840485e-06,31.1723895072937,0.21636323323068413,0.08262440780906574,0.6349368419336237,0.07518644630908966,19.594863891601562,0.6429291367530823,0.4322573095560074
59,3.3378896381612583e-06,31.17962074279785,0.2153948607814053,0.08193149579607922,0.6362114905015283,0.07457181811332703,19.6309871673584,0.6430145502090454,0.4315572679042816
