epoch,lr,epoch_time_s,train/loss,train/l1,train/ssim,val/l1,val/psnr,val/ssim,val/objective,val/ssim_clean,val/psnr_clean,val/ssim_salt_pepper,val/psnr_salt_pepper,val/ssim_gaussian_blur,val/psnr_gaussian_blur,val/ssim_occlusion,val/psnr_occlusion
0,0.0004202871041664019,32.997392892837524,0.3767686215755732,0.13942139296104078,0.3778818992330976,0.1142277792096138,16.69732666015625,0.4241066873073578,0.690121091902256,0.4460727870464325,17.81769371032715,0.4520001709461212,17.953598022460938,0.4587325155735016,18.110034942626953,0.3396211564540863,12.907975196838379
1,0.00041943196206284725,32.60166025161743,0.3213937776568143,0.10898712200477072,0.4590381962125716,0.0896671786904335,18.524436950683594,0.49663692712783813,0.5930302515625954,0.5082631707191467,18.871749877929688,0.5169811248779297,18.943761825561523,0.5202833414077759,19.13909339904785,0.441020131111145,17.143138885498047
2,0.00041800932977848843,32.78742957115173,0.29885996651390323,0.10219465078705031,0.49784407699885574,0.09512578696012497,18.199308395385742,0.5089133977890015,0.5862123891711235,0.5273754000663757,19.2410831451416,0.5372908115386963,19.484302520751953,0.5388380289077759,19.372953414916992,0.43214914202690125,14.69890022277832
3,0.00041602310664953085,32.840850830078125,0.28210394108748954,0.09709240633832372,0.5266467979096848,0.09441682696342468,18.32855224609375,0.5301191806793213,0.5642976462841034,0.5470260977745056,18.848848342895508,0.5619810223579407,19.286231994628906,0.554309070110321,19.00077247619629,0.457160621881485,16.178359985351562
4,0.0004134787367755103,32.60014033317566,0.27053585105940053,0.09423575125148763,0.5472200300706469,0.07887482643127441,19.563749313354492,0.5723949670791626,0.5064798593521118,0.5867525339126587,19.929533004760742,0.592739462852478,20.1127986907959,0.5987130999565125,20.439424514770508,0.511374831199646,17.773239135742188
5,0.0004103831940973946,32.79341697692871,0.25980175019282364,0.09142706976474627,0.5661467618268469,0.08033895492553711,19.497949600219727,0.5860379338264465,0.4943010210990906,0.6015833020210266,19.763534545898438,0.6062583327293396,20.061609268188477,0.6122230291366577,20.285795211791992,0.524087131023407,17.880861282348633
6,0.0004067449632824957,32.885820150375366,0.25335201467184915,0.091068963115306,0.5788935060086458,0.08070246875286102,19.683557510375977,0.5827943682670593,0.4979081004858017,0.6015142202377319,20.14888572692871,0.6058371663093567,20.360946655273438,0.6063651442527771,20.43372917175293,0.5174608826637268,17.79067039489746
7,0.0004025740164685872,32.93940091133118,0.2475723398282476,0.08980551791255889,0.5893416774013768,0.07831866294145584,19.692869186401367,0.6036019325256348,0.4747167304158211,0.6228864192962646,20.224170684814453,0.6276317834854126,20.471160888671875,0.6305202841758728,20.7576847076416,0.5333690643310547,17.31846046447754
8,0.00039788178593096684,32.691662549972534,0.24152391695457956,0.08795581660840822,0.5997303840906724,0.08072870969772339,19.45142364501953,0.6173297762870789,0.46339893341064453,0.6310597658157349,19.530067443847656,0.6404158473014832,19.87418556213379,0.6429952383041382,20.251924514770508,0.5548483729362488,18.149517059326172
9,0.0003926811327473855,32.66242980957031,0.2380849846193324,0.08710515065847532,0.6058448459143224,0.07495474070310593,20.135704040527344,0.620278537273407,0.45467620342969894,0.6369299292564392,20.523334503173828,0.6431066393852234,20.7702579498291,0.6452961564064026,21.069503784179688,0.5557815432548523,18.179719924926758
10,0.00038698631154672616,32.97198176383972,0.23374276624425597,0.08625711982502886,0.613799059520597,0.07687792927026749,19.97724151611328,0.6299035549163818,0.44697437435388565,0.6468814611434937,20.156757354736328,0.6477081179618835,20.51299476623535,0.6578229069709778,20.799457550048828,0.5672017335891724,18.43975830078125
11,0.0003808129314380578,32.84117341041565,0.23148590374899947,0.08624541314075822,0.6183767736605976,0.07425111532211304,20.223281860351562,0.6354133486747742,0.43883776664733887,0.6526919603347778,20.570396423339844,0.6593449115753174,20.95522117614746,0.6602297425270081,21.127822875976562,0.5693866610527039,18.239686965942383
12,0.00037417791322715195,32.83790707588196,0.2282409810501596,0.08504086230760036,0.6237308616223542,0.07285002619028091,20.292438507080078,0.6415261030197144,0.43132392317056656,0.6570917963981628,20.537153244018555,0.6642386317253113,20.930458068847656,0.6671202182769775,21.18112564086914,0.577653706073761,18.521015167236328
13,0.0003670994430377301,32.77814817428589,0.22734229396218839,0.08551036112982294,0.6260438632705937,0.07101523131132126,20.503389358520508,0.6490167379379272,0.421998493373394,0.6659646034240723,20.872539520263672,0.6723135113716125,21.140546798706055,0.674233078956604,21.428741455078125,0.5835559368133545,18.571727752685547
14,0.00035959692246456313,33.032684564590454,0.22466449156079604,0.08440212184644263,0.6303441462957341,0.0729188621044159,20.29806137084961,0.6464797258377075,0.4264391362667084,0.6639966368675232,20.563108444213867,0.6701021790504456,20.897663116455078,0.6684631109237671,21.03409194946289,0.5833570957183838,18.6973819732666
15,0.00035169091539504827,32.68709349632263,0.22225476315487985,0.08407598033385433,0.6349077104874279,0.07403647154569626,20.267534255981445,0.6480526328086853,0.42598383873701096,0.6649202108383179,20.476930618286133,0.6702039837837219,20.815174102783203,0.6746279001235962,21.150754928588867,0.5824584364891052,18.627277374267578
16,0.0003434030916450232,32.61357545852661,0.21977024331041004,0.08280366031533998,0.6386452981311342,0.07007180899381638,20.65992546081543,0.6512443423271179,0.41882746666669846,0.6694154143333435,21.053430557250977,0.6766715049743652,21.32329559326172,0.6735339164733887,21.53030776977539,0.5853564143180847,18.732675552368164
17,0.00033475616756330716,32.73724341392517,0.2176268588265647,0.08227023530913435,0.6424529235000196,0.0692007839679718,20.74309539794922,0.6604048013687134,0.4087959825992584,0.6775075793266296,21.0279483795166,0.6856199502944946,21.37275505065918,0.6860126256942749,21.65383529663086,0.5924791097640991,18.9178466796875
18,0.0003257738437677679,32.98495817184448,0.21670686251119428,0.08297182012187398,0.6450491728989974,0.07009419053792953,20.680683135986328,0.6648353338241577,0.4052588567137718,0.6819427609443665,21.019102096557617,0.6912627220153809,21.342863082885742,0.6899996399879456,21.586620330810547,0.5961362719535828,18.774154663085938
19,0.00031648074018357524,32.876484632492065,0.21518191905773204,0.08238269550644833,0.6475414857268333,0.07607463747262955,19.959552764892578,0.6585018634796143,0.4175727739930153,0.6757102012634277,20.062841415405273,0.6808040738105774,20.547595977783203,0.6831608414649963,20.62353515625,0.5943322777748108,18.604238510131836
20,0.00030690232856169777,32.72906970977783,0.21447492690513964,0.08224972697865704,0.6488418569383414,0.0739007443189621,20.255107879638672,0.6644878387451172,0.4094129055738449,0.6820738911628723,20.49366569519043,0.688734233379364,20.84144401550293,0.6893130540847778,21.195728302001953,0.5978302359580994,18.48959732055664
21,0.0002970648626626039,32.77581310272217,0.21281622900911,0.08166862352062827,0.6516144810163457,0.07159175723791122,20.589557647705078,0.6655631065368652,0.406028650701046,0.6830400228500366,20.862878799438477,0.6908420324325562,21.083415985107422,0.688981831073761,21.44302749633789,0.599388599395752,18.96891212463379
22,0.00028699530629652906,32.71128010749817,0.2104636744150649,0.08046115845765757,0.6551507309727047,0.06787504255771637,20.933361053466797,0.6730724573135376,0.39480258524417877,0.6914947628974915,21.218931198120117,0.6974335312843323,21.543010711669922,0.6965169310569763,21.819242477416992,0.6068446040153503,19.152257919311523
23,0.00027672125941754637,32.712074995040894,0.20993097021203974,0.0809548961646531,0.6567444849921309,0.06834594160318375,20.851194381713867,0.6704244613647461,0.39792148023843765,0.6911769509315491,21.33677101135254,0.6933929324150085,21.506128311157227,0.6952188014984131,21.863094329833984,0.6019092202186584,18.698776245117188
24,0.00026627088247401095,32.82691287994385,0.20895845256745815,0.08097278946281775,0.6587408042472341,0.07223604619503021,20.4820613861084,0.6688811779022217,0.40335486829280853,0.686678946018219,20.73138999938965,0.6930234432220459,20.969825744628906,0.6913418769836426,21.41362953186035,0.6044804453849792,18.813396453857422
25,0.0002556728192227282,32.95365762710571,0.20695784185891566,0.07943273606993582,0.6612175009820772,0.06753053516149521,20.91107940673828,0.6818017363548279,0.38572879880666733,0.6990674734115601,21.200288772583008,0.7081953287124634,21.584640502929688,0.7073919773101807,21.869062423706055,0.6125519871711731,18.99032974243164
26,0.0002449561182184076,32.86388278007507,0.20537284146184506,0.07935395383316537,0.664359501198582,0.06828753650188446,21.01064109802246,0.6758995652198792,0.3923879712820053,0.6948336958885193,21.35698127746582,0.7008491158485413,21.660594940185547,0.6976742744445801,21.80527114868164,0.6102409958839417,19.21971893310547
27,0.00023415015319359317,32.86722445487976,0.20594534140242182,0.08028195547344892,0.664154491022877,0.06761875748634338,21.004840850830078,0.6808815598487854,0.386737197637558,0.6991778612136841,21.30414390563965,0.707388699054718,21.679004669189453,0.7033447623252869,21.86805534362793,0.6136149764060974,19.16815757751465
28,0.0002232845425473045,32.753986120224,0.204483551175698,0.08018115118307911,0.6670231527608373,0.06930264085531235,20.792783737182617,0.685955822467804,0.3833468183875084,0.7032336592674255,21.063425064086914,0.7116082310676575,21.39377784729004,0.7124286890029907,21.763904571533203,0.6165525317192078,18.950023651123047
29,0.00021238906816306387,32.95610690116882,0.2039318267741929,0.07962519630951725,0.6675705031856246,0.0682419091463089,20.86275291442871,0.6891664266586304,0.37907548248767853,0.706423819065094,21.054426193237305,0.71430903673172,21.486392974853516,0.7168782949447632,21.836231231689453,0.6190547347068787,19.073963165283203
30,0.00020149359377882317,32.79364633560181,0.20259129085942454,0.07923003601963105,0.6698882884305456,0.06665699183940887,21.0498046875,0.6915605068206787,0.37509648501873016,0.7093558311462402,21.34410858154297,0.71830153465271,21.70227813720703,0.7165054082870483,22.007213592529297,0.6220793724060059,19.14562225341797
31,0.00019062798313253455,32.76466131210327,0.20205603742405123,0.07912694549430972,0.6708702752771585,0.06659892946481705,21.12078857421875,0.6919572353363037,0.37464169412851334,0.7101005911827087,21.40493392944336,0.7181124687194824,21.79528045654297,0.7162954807281494,22.0255069732666,0.623320460319519,19.257436752319336
32,0.00017982201810772008,32.74180579185486,0.20088126696646214,0.07874447876668494,0.6728640626306119,0.06602738052606583,21.199922561645508,0.6922944784164429,0.37373290210962296,0.7116427421569824,21.543275833129883,0.7176492214202881,21.836408615112305,0.7167790532112122,22.143451690673828,0.6231071352958679,19.276552200317383
33,0.00016910531710339943,33.07118773460388,0.19819633014824078,0.07724474532448727,0.676774161665336,0.06633075326681137,21.169696807861328,0.6921391487121582,0.37419160455465317,0.7110549211502075,21.504716873168945,0.7178233861923218,21.78541374206543,0.7184322476387024,22.11681365966797,0.621246337890625,19.2718448638916
34,0.00015850725385211674,32.88451099395752,0.19893087657249492,0.07797642594770245,0.6760366536352945,0.06822971999645233,20.90587615966797,0.6943147778511047,0.3739149421453476,0.7130296230316162,21.156274795532227,0.71878981590271,21.512794494628906,0.719992458820343,21.888757705688477,0.6254472136497498,19.065671920776367
35,0.00014805687690858132,32.73689913749695,0.19746573536616305,0.07763270082195169,0.678661020229692,0.0656232088804245,21.23745346069336,0.6955081820487976,0.3701150268316269,0.7158239483833313,21.600950241088867,0.7228683829307556,21.87101173400879,0.7168624997138977,22.149423599243164,0.6264779567718506,19.328428268432617
36,0.00013778283002959863,32.81027054786682,0.19716158914177315,0.07745987640531815,0.6791009154656659,0.06720792502164841,21.098434448242188,0.6966800093650818,0.3705279156565666,0.7160799503326416,21.382160186767578,0.7233802080154419,21.755281448364258,0.7204557657241821,21.9877986907959,0.6268041729927063,19.268497467041016
37,0.00012771327366352378,32.872674226760864,0.1959224124641522,0.07705654967171342,0.6812041239893954,0.06552492827177048,21.26604652404785,0.6989465951919556,0.3665783330798149,0.7187676429748535,21.635494232177734,0.7255988717079163,21.9616641998291,0.7235685586929321,22.22401237487793,0.6278514862060547,19.243017196655273
38,0.00011787580776442983,32.85846138000488,0.19524367210333762,0.07684773858636618,0.6823686361312866,0.06519573926925659,21.27754783630371,0.7016794085502625,0.36351633071899414,0.7213482856750488,21.594587326049805,0.7277601361274719,21.962522506713867,0.7271121740341187,22.22123908996582,0.6304967403411865,19.331846237182617
39,0.00010829739614255239,32.854217290878296,0.19445018008675263,0.07631402908136016,0.68343066877645,0.0658794417977333,21.211505889892578,0.7008907198905945,0.3649887219071388,0.7210537195205688,21.536117553710938,0.7286767363548279,21.88721466064453,0.7240800261497498,22.134336471557617,0.629752516746521,19.288349151611328
40,9.900429255835976e-05,32.846128702163696,0.19447054932622806,0.07680066913852225,0.6838922915251359,0.06735158711671829,21.11371421813965,0.6954576969146729,0.37189389020204544,0.715728759765625,21.4655704498291,0.7200300693511963,21.77955436706543,0.7201849818229675,22.069053649902344,0.6258869767189026,19.140684127807617
41,9.002196876282044e-05,32.78846764564514,0.19337474352315717,0.07613365817815065,0.6854313505084618,0.06497140228748322,21.341371536254883,0.7016486525535583,0.36332274973392487,0.7220638990402222,21.720029830932617,0.7278417348861694,22.02122688293457,0.7246140241622925,22.234115600585938,0.6320748925209045,19.39011001586914
42,8.137504468110445e-05,32.795475244522095,0.19229032196428464,0.07554960906829523,0.6870330128332843,0.06539499014616013,21.241926193237305,0.7043470144271851,0.36104797571897507,0.7241136431694031,21.574506759643555,0.7315652966499329,21.947900772094727,0.7280480861663818,22.18770408630371,0.6336607933044434,19.257593154907227
43,7.308722093107942e-05,32.83295798301697,0.19155139743309954,0.07566075375222642,0.6886506673434506,0.06449219584465027,21.379907608032227,0.7058845162391663,0.358607679605484,0.7260801792144775,21.715551376342773,0.7324091196060181,22.059738159179688,0.7299641966819763,22.339570999145508,0.6350843906402588,19.404760360717773
44,6.518121386156448e-05,33.11374497413635,0.19057227298617363,0.07534901765377625,0.6903196809732396,0.06475891917943954,21.326627731323242,0.7062562108039856,0.35850270837545395,0.7262821197509766,21.688217163085938,0.7333096861839294,22.023344039916992,0.729954183101654,22.28754234313965,0.6354787945747375,19.307403564453125
45,5.767869328839754e-05,32.87652897834778,0.19111747059809125,0.07527139815299408,0.6891306680829629,0.06429193168878555,21.410181045532227,0.7047219276428223,0.3595700040459633,0.7254049777984619,21.79115867614746,0.7315110564231873,22.083507537841797,0.7279812097549438,22.34389305114746,0.6339903473854065,19.42215919494629
46,5.060022309897568e-05,32.7284734249115,0.19059895432513693,0.0751018502506549,0.6900099188737248,0.06443680077791214,21.346843719482422,0.7093691825866699,0.3550676181912422,0.7292304039001465,21.665203094482422,0.7356548309326172,22.01459503173828,0.7342730164527893,22.32773780822754,0.6383184790611267,19.379840850830078
47,4.396520488806981e-05,32.95366311073303,0.18924152721529422,0.07444625949163151,0.6920928443255632,0.06440328806638718,21.357202529907227,0.7085208296775818,0.3558824583888054,0.728659451007843,21.732118606567383,0.7342897653579712,22.02491569519043,0.7335700988769531,22.31247329711914,0.6375641226768494,19.359302520751953
48,3.779182477940149e-05,32.8444128036499,0.18823105015832445,0.07379929865103053,0.6934790935205377,0.06427125632762909,21.402008056640625,0.709234893321991,0.3550363630056381,0.7294214367866516,21.758169174194336,0.7359707951545715,22.080917358398438,0.7331368923187256,22.353282928466797,0.6384105086326599,19.415660858154297
49,3.2097003578742176e-05,32.85998582839966,0.18717814682294492,0.07342174744395458,0.6952301186064015,0.06400027126073837,21.41779136657715,0.7109292149543762,0.35307105630636215,0.7311747074127197,21.76648712158203,0.7379027009010315,22.109760284423828,0.7349224090576172,22.375137329101562,0.6397171020507812,19.419784545898438
50,2.6896350395160794e-05,32.84533882141113,0.18920136445566363,0.07423247348355211,0.691953530130179,0.0643426775932312,21.393142700195312,0.7109111547470093,0.3534315228462219,0.7304513454437256,21.71862030029297,0.7377521395683289,22.07891082763672,0.7358142733573914,22.364635467529297,0.6396266222000122,19.410402297973633
51,2.2204119857540447e-05,32.79018950462341,0.18886767813692923,0.07419961794158039,0.6925981896726982,0.06409412622451782,21.470409393310547,0.7081695795059204,0.3559245467185974,0.7292717695236206,21.84392547607422,0.7350301146507263,22.16016960144043,0.7309495806694031,22.385726928710938,0.6374269723892212,19.49181365966797
52,1.803317304363192e-05,32.8602409362793,0.18759898663215016,0.07354227690350103,0.694498842501122,0.06393156200647354,21.44755744934082,0.7106062769889832,0.3533252850174904,0.7309383153915405,21.801353454589844,0.7367532849311829,22.13193130493164,0.7352243661880493,22.40375518798828,0.6395094394683838,19.453184127807617
53,1.4394942228733112e-05,32.76323866844177,0.18856033982466097,0.07418762775057036,0.6932108347182688,0.06386277824640274,21.458742141723633,0.7113429307937622,0.35251984745264053,0.7316433191299438,21.804929733276367,0.7378174066543579,22.13860511779785,0.7357050776481628,22.41643714904785,0.6402061581611633,19.475004196166992
54,1.1299399550617335e-05,32.853224992752075,0.18669258041874223,0.07309534912928939,0.6958802193403244,0.06404580920934677,21.43608856201172,0.7107014656066895,0.3533443436026573,0.7312479615211487,21.813264846801758,0.7366718053817749,22.11983299255371,0.7352155447006226,22.38467788696289,0.6396704316139221,19.42657470703125
55,8.755029676596792e-06,32.89710354804993,0.18647388652290986,0.07278132442708897,0.6960003677269687,0.06393308937549591,21.449115753173828,0.7113277316093445,0.35260535776615143,0.7317905426025391,21.791982650756836,0.7379856705665588,22.127674102783203,0.7357317209243774,22.40703010559082,0.6398032903671265,19.46977996826172
56,6.768806547639218e-06,32.86728835105896,0.1875453304661357,0.07384929662246419,0.6949253354383551,0.06387193500995636,21.413942337036133,0.710512101650238,0.3533598333597183,0.7311208844184875,21.787782669067383,0.7365677952766418,22.099567413330078,0.7346790432929993,22.373899459838867,0.6396803855895996,19.394519805908203
57,5.346174263280327e-06,32.795228004455566,0.18691517728502335,0.07329224574420115,0.6956310557282489,0.06378769129514694,21.466453552246094,0.7119829058647156,0.35180478543043137,0.7320162653923035,21.826200485229492,0.7385472655296326,22.143444061279297,0.7367172241210938,22.42582130432129,0.6406506896018982,19.470346450805664
58,4.491032159725688e-06,32.79293704032898,0.18691568481533424,0.07351991167777906,0.6958653651501822,0.06354866921901703,21.494007110595703,0.7112259268760681,0.3523227423429489,0.7317594289779663,21.862882614135742,0.737703263759613,22.182628631591797,0.735227644443512,22.441024780273438,0.6402130722999573,19.4894962310791
59,4.205724122040868e-06,32.83088660240173,0.18595522115735905,0.07275784037926275,0.6970309100073316,0.06369640678167343,21.45928955078125,0.7124269604682922,0.3512694463133812,0.7324746251106262,21.813831329345703,0.7391588687896729,22.14438819885254,0.7370287775993347,22.42485237121582,0.6410456299781799,19.454086303710938
