,,No restoration,No restoration,Hard (predicted),Hard (predicted),Hard (oracle),Hard (oracle),Soft MoE (init),Soft MoE (init),Soft MoE (joint),Soft MoE (joint)
,,PSNR,SSIM,PSNR,SSIM,PSNR,SSIM,PSNR,SSIM,PSNR,SSIM
type,severity,,,,,,,,,,
clean,none,100.0,1.0,99.12709,0.99720675,100.0,1.0,94.760994,0.99755245,60.616795,0.99960726
salt_pepper,low,20.133554,0.6024888,21.842636,0.7372946,21.842636,0.7372946,21.842688,0.73729897,22.921429,0.77205163
salt_pepper,medium,15.875228,0.33955547,21.85247,0.7365528,21.85247,0.7365528,21.852478,0.73655355,22.011194,0.7394974
salt_pepper,high,13.143653,0.20413199,21.84882,0.7346048,21.84882,0.7346048,21.84883,0.7346053,21.817293,0.73058325
gaussian_blur,low,32.335945,0.94357914,21.746712,0.7345469,21.735075,0.73415935,21.756521,0.7349953,31.31455,0.9344354
gaussian_blur,medium,26.773523,0.8057014,21.884415,0.7334807,21.884415,0.7334807,21.884478,0.7334816,26.54559,0.812927
gaussian_blur,high,24.353214,0.6916253,21.808195,0.7136932,21.808195,0.7136932,21.808268,0.7136936,24.727179,0.7391394
occlusion,low,16.734484,0.86180705,20.763935,0.69625366,20.753456,0.6961257,20.766338,0.6964238,21.341501,0.8756747
occlusion,medium,13.356971,0.73048097,19.859554,0.6620313,19.859554,0.6620313,19.859715,0.6620404,20.145105,0.78172815
occlusion,high,10.832686,0.5456962,18.695896,0.6082941,18.695896,0.6082941,18.695896,0.6082941,18.741234,0.6596062
