type,severity,identity (clean),salt-pepper expert,blur expert,occlusion expert
clean,none,0.98677474,6.505878e-06,0.002080279,0.011138489
salt_pepper,low,0.1919341,0.80248874,3.3380954e-10,0.0055771437
salt_pepper,medium,0.05307388,0.9460301,3.4534735e-09,0.0008960311
salt_pepper,high,0.023188286,0.976661,5.11256e-09,0.00015065499
gaussian_blur,low,0.8835691,4.0922953e-07,0.11146795,0.0049625235
gaussian_blur,medium,0.7393749,2.9374206e-07,0.25617355,0.0044513224
gaussian_blur,high,0.6274244,3.1716664e-07,0.36815777,0.004417437
occlusion,low,0.69511425,3.5893013e-06,4.1645053e-05,0.30484048
occlusion,medium,0.55494887,5.8704372e-06,4.6463665e-06,0.44504064
occlusion,high,0.41284132,9.0652575e-06,4.3714344e-06,0.5871452
