epoch,time_s,lr_g,train/d_real,train/d_fake,train/g_adv,train/g_l1,train/d_acc_real,train/d_acc_fake,val/l1,val/psnr,val/ssim,val/lpips,val/objective,val/ssim_style1,val/lpips_style1,val/ssim_style2,val/lpips_style2,val/ssim_style3,val/lpips_style3,val/best_objective
1,7.659033536911011,0.0004776148201168527,0.6188245861391936,0.5797195474484137,1.2783731006618058,0.30052036233246326,0.6809857737139932,0.7184026393307639,,,,,,,,,,,,
2,7.687009572982788,0.0004776148201168527,0.5955210510375244,0.5657128231333834,1.2636791856161185,0.27325329118009123,0.6808889721121106,0.71910872179017,,,,,,,,,,,,
3,7.78812050819397,0.0004776148201168527,0.6122970659551876,0.5903727561235428,1.1523342694022827,0.2651511871122888,0.6535907759150307,0.7017925308069347,,,,,,,,,,,,
4,7.967134714126587,0.0004776148201168527,0.6095897305224623,0.5919948675270591,1.1087317990937404,0.2590723702950137,0.6740444925422447,0.6987859768497791,,,,,,,,,,,,
5,7.878883361816406,0.0004776148201168527,0.621583407212581,0.5996958155717168,1.0984839147755079,0.251588053469147,0.6447874800012089,0.6898915694826948,0.11557582765817642,15.164234161376953,0.4199334383010864,0.4142841398715973,0.9943507015705109,0.45281755924224854,0.4116615056991577,0.3474370837211609,0.43466898798942566,0.4575572609901428,0.3969559669494629,0.9943507015705109
6,7.698437690734863,0.0004776148201168527,0.6181526487427098,0.596075481868216,1.1386585590828742,0.2463078255366002,0.6504646371301662,0.6956655295299632,,,,,,,,,,,,
7,7.644705533981323,0.0004776148201168527,0.5967177649560783,0.5826737375131675,1.1395770204918725,0.24248078359024866,0.6634987559768238,0.7117517640082431,,,,,,,,,,,,
8,7.572953224182129,0.0004776148201168527,0.6422222729639283,0.6217060275375843,1.186976651794144,0.23643750311540707,0.6593590439713027,0.6993952557760557,,,,,,,,,,,,
9,7.607018232345581,0.0004776148201168527,0.5821144992618689,0.5783577983134559,1.127749974440251,0.23785623468990838,0.6797899839667869,0.722713181470421,,,,,,,,,,,,
10,7.585041046142578,0.0004776148201168527,0.5872643843426236,0.5705738831311464,1.2015709459249462,0.23377361773912395,0.6793743031199223,0.7150771970295214,0.11199840903282166,15.304715156555176,0.41239339113235474,0.2860378623008728,0.8736444711685181,0.4321387708187103,0.28170812129974365,0.3302856981754303,0.2774864137172699,0.4728339612483978,0.29883942008018494,0.8736444711685181
11,7.699519872665405,0.0004776148201168527,0.6024559892580977,0.580987141600677,1.2390104314046246,0.23086059293044464,0.6853760331869125,0.7048617316010807,,,,,,,,,,,,
12,7.719117641448975,0.0004776148201168527,0.5762195230594703,0.5626791736244091,1.2114525168601955,0.23170785406338318,0.7003803657800225,0.7147127703231361,,,,,,,,,,,,
13,7.751369953155518,0.0004776148201168527,0.7315728945125427,0.830157554309283,1.3625028327639614,0.2284999397982444,0.6766752346551844,0.7041214775984243,,,,,,,,,,,,
14,7.743085861206055,0.0004776148201168527,0.6867281911628587,0.6573979987629822,0.905367701713528,0.20068899701748574,0.617893574842518,0.6428001854635242,,,,,,,,,,,,
15,7.71082615852356,0.0004776148201168527,0.6657120207590717,0.6361753703760249,0.8881806278867381,0.21329204365611076,0.6095002621545323,0.6510682253699217,0.10454223304986954,15.7612886428833,0.4524214565753937,0.2601916790008545,0.8077702224254608,0.4746626317501068,0.27190640568733215,0.38214758038520813,0.2525865435600281,0.498708575963974,0.25571757555007935,0.8077702224254608
16,7.71262788772583,0.0004776148201168527,0.6295377930094089,0.6028435613427844,0.98932820931077,0.21706150565296412,0.6403744402175237,0.6880523286360715,,,,,,,,,,,,
17,7.631402254104614,0.0004776148201168527,0.5952822661825589,0.5787766759416887,1.0596049252365316,0.21697552409023046,0.6807466159890672,0.7087110373457628,,,,,,,,,,,,
18,7.672435283660889,0.0004776148201168527,0.5961391259916127,0.5832481096897807,1.1117788351007871,0.21887248727892125,0.6733099348161237,0.7027093059150502,,,,,,,,,,,,
19,7.590899467468262,0.0004776148201168527,0.590779136600239,0.5777101197413036,1.151461118033954,0.22164595978600637,0.6781728185347414,0.706666804184871,,,,,,,,,,,,
20,7.677284002304077,0.0004776148201168527,0.6015410034784249,0.5925026739548359,1.1536865146564586,0.21866167656012944,0.6695118783474234,0.6924027291409273,0.11271750181913376,15.131521224975586,0.41792893409729004,0.25047391653060913,0.8325449824333191,0.41948401927948,0.24794553220272064,0.3398120701313019,0.25250205397605896,0.49298742413520813,0.2510600984096527,
21,7.701581716537476,0.0004776148201168527,0.5832776729283589,0.5764762268268636,1.1802793411271912,0.21763043012470007,0.691269573289901,0.7047364552106176,,,,,,,,,,,,
22,7.651939392089844,0.0004776148201168527,0.594153168012521,0.5833447333425283,1.1845289495374476,0.21508692311389105,0.6763449668443562,0.6980343398338716,,,,,,,,,,,,
23,7.687192916870117,0.0004776148201168527,0.5804795612181936,0.5731065483497721,1.1936925572476216,0.21569792886397668,0.6904951589115497,0.7156124562357685,,,,,,,,,,,,
24,7.685524225234985,0.0004776148201168527,0.5956248680927924,0.5852081176957914,1.2028171039585556,0.21338801631437881,0.6639884615183941,0.6979546139815024,,,,,,,,,,,,
25,7.690656423568726,0.0004776148201168527,0.5822570276047502,0.5749427339594279,1.1928175977830375,0.21257758513092995,0.6821189264633826,0.7082213353631752,0.1057705208659172,15.565633773803711,0.45210909843444824,0.2359219193458557,0.7838128209114075,0.47157764434814453,0.2310401052236557,0.36896413564682007,0.23863182961940765,0.5138493776321411,0.23823709785938263,0.7838128209114075
26,7.71639347076416,0.0004776148201168527,0.5833115738683513,0.5850677830832345,1.2514017330748695,0.21296240775180714,0.6880807996993619,0.6951473521600876,,,,,,,,,,,,
27,7.855581045150757,0.0004776148201168527,0.7372275432571769,0.7479216436456356,1.1398941379572665,0.20667426181691034,0.6138164956906361,0.6574400827687766,,,,,,,,,,,,
28,7.634875535964966,0.0004776148201168527,0.5872495424534593,0.5719804330063718,1.058719567688448,0.21057029800223453,0.6872209698277791,0.7292957216434713,,,,,,,,,,,,
29,7.7256083488464355,0.0004776148201168527,0.577178040918495,0.5675111194806439,1.170871693374855,0.2112684329705579,0.6927956305610549,0.7109887365783963,,,,,,,,,,,,
30,7.635869979858398,0.0004776148201168527,0.5844720649932112,0.5774820973830563,1.2016082472567047,0.20996569097042084,0.6932853353708717,0.7048104790405237,0.113402359187603,15.030529975891113,0.4419456720352173,0.23333193361759186,0.7913862615823746,0.4484193027019501,0.23184528946876526,0.36169731616973877,0.22837454080581665,0.5140842795372009,0.23971045017242432,
31,7.6397271156311035,0.0004776148201168527,0.589992117269763,0.5758906133206827,1.2275658292429787,0.2100242337744151,0.6818342175143438,0.7045542416828019,,,,,,,,,,,,
32,7.675319671630859,0.0004776148201168527,0.5877836182979601,0.5744609456243259,1.2476133956973041,0.20994198428733007,0.6934333878702351,0.7114385763582375,,,,,,,,,,,,
33,7.647562265396118,0.0004776148201168527,0.5899079549126327,0.5732190868418131,1.2557363464896167,0.20898995535182102,0.6844706490768918,0.7002209220081568,,,,,,,,,,,,
34,7.690760135650635,0.0004776148201168527,0.5830435931815633,0.5723471036180854,1.2576632568878787,0.20794692861714534,0.681999350706714,0.7069970678837437,,,,,,,,,,,,
35,7.657817602157593,0.0004776148201168527,0.5824811509145158,0.5710058661976031,1.2894671484827995,0.20816784910857677,0.6912012422549846,0.7071792870493872,0.10222378373146057,15.811739921569824,0.46223899722099304,0.22421470284461975,0.7619757056236267,0.47878149151802063,0.22928650677204132,0.37936654686927795,0.21721531450748444,0.5266932845115662,0.22591455280780792,0.7619757056236267
36,7.776729583740234,0.0004776148201168527,0.5644862940534949,0.5623805170346584,1.30608274122434,0.2070677668920585,0.6990194383376677,0.7174004497937858,,,,,,,,,,,,
37,7.6670849323272705,0.0004776148201168527,0.6627137865871191,0.6757863027575824,1.4092761725187302,0.2070453709789685,0.6792888886162213,0.6955288672096296,,,,,,,,,,,,
38,7.6527276039123535,0.0004776148201168527,0.6872807344687837,0.6903227262997201,0.9842516242393425,0.1988878400464143,0.6223123054286199,0.6771079945777144,,,,,,,,,,,,
39,7.664458990097046,0.0004776148201168527,0.5694556358669486,0.5630626332546983,1.1155691059040171,0.2051280547997781,0.6950505523875888,0.7368348949987974,,,,,,,,,,,,
40,7.652794599533081,0.0004776148201168527,0.5670911077676075,0.5691558975460274,1.1926062256097794,0.20512114611587354,0.7041841126545998,0.7296886229721297,0.1116449162364006,15.239357948303223,0.42511963844299316,0.2293846607208252,0.804265022277832,0.44997113943099976,0.22649425268173218,0.3213774561882019,0.23639513552188873,0.5015840530395508,0.22545132040977478,
41,7.710039377212524,0.0004776148201168527,0.5746174000336656,0.5562416410871914,1.230360012235386,0.20453501186732734,0.7079593982281429,0.7261866655732904,,,,,,,,,,,,
42,7.626227140426636,0.0004776148201168527,0.5748718185350299,0.5665892833577735,1.269703661490764,0.20451185080621923,0.6951473517110571,0.7132949007043082,,,,,,,,,,,,
43,7.674063682556152,0.0004776148201168527,0.585668897123209,0.57365382223257,1.2722291078950678,0.20439524855464697,0.6761684420718146,0.7106698576036641,,,,,,,,,,,,
44,7.6304404735565186,0.0004776148201168527,0.5650008085982076,0.5558533590020878,1.2964437595967735,0.20333276289914334,0.7048161762899586,0.7230946929194033,,,,,,,,,,,,
45,7.689886569976807,0.0004776148201168527,0.5677513082378677,0.562838364392519,1.313514230772853,0.2037503353453108,0.7068945743709004,0.718339999006795,0.10361065715551376,15.670482635498047,0.46383094787597656,0.21731843054294586,0.7534874826669693,0.4889600872993469,0.22110366821289062,0.37043702602386475,0.2205694615840912,0.5298593640327454,0.21027208864688873,0.7534874826669693
46,7.691481590270996,0.0004776148201168527,0.5784397014150662,0.5667816202289292,1.3034440039524011,0.20317808432238443,0.6831268092085209,0.712987412000075,,,,,,,,,,,,
47,7.662275552749634,0.0004776148201168527,0.5578833490477076,0.5488097564583378,1.3052613474428654,0.20196748059242964,0.7086882605383705,0.7197863371111453,,,,,,,,,,,,
48,7.630539655685425,0.0004776148201168527,0.6870122104883194,0.6696437445602247,1.3141428418457508,0.20242824405431747,0.653744519621666,0.6852564541622996,,,,,,,,,,,,
49,7.659667253494263,0.0004776148201168527,0.5587733256231461,0.5476284148171544,1.1865666013743197,0.20084956008940935,0.7150885890005156,0.7303377679948296,,,,,,,,,,,,
50,7.686690807342529,0.0004776148201168527,0.5708797563399587,0.5553149257653526,1.2746566842709268,0.19964404603732483,0.6952441533295703,0.7223145804767098,0.10043668746948242,15.837389945983887,0.47449982166290283,0.20932002365589142,0.7348202019929886,0.48302289843559265,0.2136717140674591,0.4018629789352417,0.20440371334552765,0.5370821952819824,0.2097097486257553,0.7348202019929886
51,7.706201791763306,0.0004776148201168527,0.5555296686611005,0.5428499967924186,1.2972820699214935,0.20178989573780978,0.7243303403042124,0.7311349602948342,,,,,,,,,,,,
52,7.882517337799072,0.0004776148201168527,0.5546825526149145,0.5485605973351214,1.3474144882389478,0.2018032715256725,0.7209992089441845,0.7271489931736141,,,,,,,,,,,,
53,7.6824140548706055,0.0004776148201168527,0.5663622867182961,0.5671877382057053,1.3558026203619582,0.200214354986591,0.7008415937889367,0.7133062882515203,,,,,,,,,,,,
54,7.705609560012817,0.0004776148201168527,0.5515787204993623,0.5515362836553582,1.3591748449419225,0.20052763926131384,0.717246703404401,0.7324218601653618,,,,,,,,,,,,
55,7.638730049133301,0.0004776148201168527,0.5457091037450092,0.5328855444011944,1.3882181593882186,0.20065216294356755,0.7235046786123088,0.7341984639476452,0.10930779576301575,15.215682029724121,0.439592182636261,0.21327780187129974,0.7736856192350388,0.43785569071769714,0.21454642713069916,0.3568878471851349,0.2113029807806015,0.5225052833557129,0.21392278373241425,
56,7.644756317138672,0.0004776148201168527,0.5502376182536993,0.5373663400698986,1.3896527306309767,0.20078885382307426,0.7205208940265168,0.7326211582071015,,,,,,,,,,,,
57,7.630377769470215,0.0004776148201168527,0.5591202301106283,0.5525306463906807,1.4393925539084844,0.199949763449175,0.7109260966951426,0.7235046764170485,,,,,,,,,,,,
58,7.603363513946533,0.0004776148201168527,0.5564070035969573,0.5552916984472956,1.4068907901112522,0.20041690633765288,0.7118884225242904,0.7288003224280796,,,,,,,,,,,,
59,7.658346652984619,0.0004776148201168527,0.5538014564663172,0.5464502145270151,1.416383960949523,0.20031921272831305,0.7138927990953172,0.7250648996393595,,,,,,,,,,,,
60,7.63435959815979,0.0004776148201168527,0.5402644331833082,0.5275697229163987,1.4066274975027357,0.19922572999660457,0.727633005041363,0.7454388969843941,0.10275918990373611,15.65953254699707,0.46095094084739685,0.20787405967712402,0.7469231188297272,0.45077386498451233,0.21368096768856049,0.3965519368648529,0.20592100918293,0.5345039963722229,0.20387379825115204,
61,7.669957876205444,0.0004776148201168527,0.5455047729691225,0.5384181432559022,1.4532634991088085,0.2000615168362856,0.720338678220287,0.7349045502820185,,,,,,,,,,,,
62,7.632739067077637,0.0004776148201168527,0.5476491053455642,0.5423074012090053,1.474460516391056,0.19884695817849465,0.7242449285529021,0.7313684256348226,,,,,,,,,,,,
63,7.676241159439087,0.0004776148201168527,0.52849601741348,0.526692400886012,1.4695773481258325,0.19933767217610562,0.7454275079071522,0.7528186348832345,,,,,,,,,,,,
64,7.651364088058472,0.0004776148201168527,0.5537968651790705,0.5380430139734277,1.446078108889716,0.19849706361336367,0.7166545049486948,0.7333898798762155,,,,,,,,,,,,
65,7.669425010681152,0.0004776148201168527,0.5349380331380027,0.5351269776001573,1.5075055374098676,0.19892214158815996,0.7263574926847858,0.7388392743055842,0.10063102841377258,15.876007080078125,0.4699060618877411,0.20328080654144287,0.7333747446537018,0.48446357250213623,0.20910660922527313,0.3770187795162201,0.20185551047325134,0.5462086200714111,0.19874341785907745,0.7333747446537018
66,7.693849802017212,0.0004776148201168527,0.5447464842083198,0.5339023604589913,1.4677285823438848,0.1968581099063158,0.7195813462603837,0.7335720992247973,,,,,,,,,,,,
67,7.63231348991394,0.0004776148201168527,0.5260711873748473,0.519864764995873,1.4934835444603647,0.1981042679399252,0.7348988537477064,0.7515943736237075,,,,,,,,,,,,
68,7.670759916305542,0.0004776148201168527,0.5225463784299791,0.5257369724900595,1.5157387991036688,0.19855822383293084,0.7379566618973123,0.7378769445765231,,,,,,,,,,,,
69,7.648207187652588,0.0004776148201168527,0.5518149125522801,0.5396040877593415,1.5240335741213389,0.1977161131799221,0.7126913135039753,0.7334126591283295,,,,,,,,,,,,
70,7.709369897842407,0.0004776148201168527,0.5158386170598013,0.5067400264753295,1.5302739071526699,0.19830153390233005,0.7478304805034506,0.7584217694987144,0.10582096129655838,15.536998748779297,0.45616456866264343,0.21845941245555878,0.7622948437929153,0.47828349471092224,0.22454431653022766,0.3625689744949341,0.21196502447128296,0.525458037853241,0.2186315655708313,
71,7.705708265304565,0.0004776148201168527,0.5151155439338514,0.5185166829531747,1.5321354820792163,0.1972777485581381,0.7459001321279045,0.7584331551500197,,,,,,,,,,,,
72,7.61602258682251,0.0004776148201168527,0.5290136374533176,0.5237931621793125,1.561611789411732,0.19823617900588683,0.72560015979356,0.733116558752954,,,,,,,,,,,,
73,7.633798360824585,0.0004776148201168527,0.5357260461397735,0.5302935963097427,1.5398633629083633,0.19500574256692613,0.7271148284531331,0.7465321915806271,,,,,,,,,,,,
74,7.652817726135254,0.0004776148201168527,0.5116230937918382,0.5049849535737719,1.5147991270891257,0.19653886077659471,0.7350696834203388,0.7573512502879437,,,,,,,,,,,,
75,7.649453163146973,0.0004776148201168527,0.5171051133823182,0.5149629284361643,1.5690921592925275,0.1969804996624589,0.7419084681730185,0.74870169769773,0.10675664246082306,15.495034217834473,0.44743022322654724,0.21205048263072968,0.7646202594041824,0.4557284712791443,0.21199394762516022,0.3740377128124237,0.2118358314037323,0.5109831094741821,0.21231865882873535,
76,7.6420814990997314,0.0004776148201168527,0.5224851492592799,0.5244543833125915,1.5922322853335313,0.196788212683584,0.7359750670646983,0.7417490289746118,,,,,,,,,,,,
77,7.621588945388794,0.0004776148201168527,0.5316489577692535,0.520259488573564,1.5554277021437883,0.1972710377137576,0.7237893888294431,0.7452794620434621,,,,,,,,,,,,
78,7.6149351596832275,0.0004776148201168527,0.5081234850388553,0.49840998257111224,1.5780718055154597,0.19664808003497974,0.7580003950279206,0.7619977513594287,,,,,,,,,,,,
79,7.677560567855835,0.0004776148201168527,0.48803566076925825,0.4829993284573512,1.6504741132791554,0.19752809511763708,0.7682158649632973,0.7752482535184494,,,,,,,,,,,,
80,7.631628036499023,0.0004776148201168527,0.5334020550362766,0.5241888419591955,1.6483256945918714,0.19661096696342742,0.7249624055278089,0.7417661084161539,0.10341691225767136,15.57679557800293,0.461924284696579,0.20989403128623962,0.7479697465896606,0.4677932858467102,0.21503803133964539,0.3798920214176178,0.2105385661125183,0.5364291071891785,0.20402057468891144,
81,7.661754369735718,0.0004776148201168527,0.5050184823838728,0.5036049906962684,1.6434397288997258,0.1967608184952821,0.7576473531911948,0.7595549226971343,,,,,,,,,,,,
82,7.6663737297058105,0.0004776148201168527,0.5213411228199091,0.514503664037745,1.6106726716139488,0.19718809705227613,0.7351152338087559,0.7579149822039264,,,,,,,,,,,,
83,7.634760618209839,0.0004776148201168527,0.5051921510935894,0.4963033735153398,1.625661330031497,0.19621530454605818,0.7511160570429638,0.7647480707881706,,,,,,,,,,,,
84,7.686988830566406,0.0004776148201168527,0.5064735335430929,0.49873627848657115,1.660301745203989,0.19637639354914427,0.7421647082914465,0.7584502404622201,,,,,,,,,,,,
85,7.63915753364563,0.0004776148201168527,0.4874709895811975,0.4931039223447442,1.671074747240969,0.19709435038800752,0.7569014064169356,0.7623337123409978,0.1057453528046608,15.47152328491211,0.46392545104026794,0.20683199167251587,0.7429065406322479,0.45959532260894775,0.2103424221277237,0.38696229457855225,0.20869654417037964,0.5438482761383057,0.20142590999603271,
86,7.68000602722168,0.0004776148201168527,0.5343065386238907,0.5244900596860264,1.6767085085489921,0.19638778588601521,0.733048225112725,0.7419312451966107,,,,,,,,,,,,
87,7.642422676086426,0.0004776148201168527,0.5127155039725559,0.499143580706524,1.6779355659548725,0.19603910536638328,0.7459684590409909,0.7610297315487904,,,,,,,,,,,,
88,7.647447347640991,0.0004776148201168527,0.4895105268473604,0.4871700835813369,1.6612451007323605,0.1956955145246216,0.7583534351683089,0.7736994208368871,,,,,,,,,,,,
89,7.644132614135742,0.0004776148201168527,0.5004263196938804,0.49323203820469125,1.729138928066407,0.1965259156588997,0.7608759884356654,0.7618838691019586,,,,,,,,,,,,
90,7.671419143676758,0.0004776148201168527,0.49441788205876946,0.4915253742198859,1.7171504550746508,0.19705498324973242,0.7569925146110889,0.7615365185774863,0.10324041545391083,15.644999504089355,0.4713393747806549,0.20973630249500275,0.7383969277143478,0.48794084787368774,0.21591100096702576,0.38409745693206787,0.2062532603740692,0.5400204062461853,0.2068624496459961,
91,7.740576267242432,0.0004776148201168527,0.4837956785091332,0.47648899596450583,1.75992325826415,0.19613871390798263,0.7663253786241901,0.7736310884023884,,,,,,,,,,,,
92,7.570505619049072,0.0004776148201168527,0.5034903700663043,0.49314143721546444,1.7245187285755361,0.19480182775961502,0.7487472528591752,0.7629657727000969,,,,,,,,,,,,
93,7.674028396606445,0.0004776148201168527,0.505132735207943,0.5030708276733223,1.729004876954215,0.19557465546365296,0.7435711876356176,0.7511957769415208,,,,,,,,,,,,
94,7.627465009689331,0.0004776148201168527,0.4844074874251549,0.4794812810474208,1.7280424045664924,0.19615901155131205,0.7679482365160116,0.7769793047835785,,,,,,,,,,,,
95,7.704604625701904,0.0004776148201168527,0.47693362296558917,0.4659909909990217,1.766061092327748,0.1963456774662648,0.7787445185905588,0.7895920454923596,0.10430457442998886,15.490219116210938,0.4700168967247009,0.20604175329208374,0.7360248565673828,0.471998929977417,0.2115703523159027,0.3916122615337372,0.2041325569152832,0.544922947883606,0.20228198170661926,
96,7.726624965667725,0.0004776148201168527,0.479696048623217,0.4822447257382529,1.7813915636922633,0.19461866162185157,0.760056016035378,0.7716722707264125,,,,,,,,,,,,
97,7.616499662399292,0.0004776148201168527,0.4853341032285243,0.47346925835258197,1.8248458012406314,0.19596495439431497,0.7688137561615024,0.7833340765376177,,,,,,,,,,,,
98,7.669074058532715,0.0004776148201168527,0.4818362420358296,0.48662949200453504,1.8013525695673056,0.1941216875399862,0.7659780273679644,0.7699184412402766,,,,,,,,,,,,
99,7.646536588668823,0.0004776148201168527,0.45404089774404255,0.4558048573588686,1.8336017916777305,0.19652984996459313,0.783852255104908,0.7910156076707479,,,,,,,,,,,,
100,7.6441874504089355,0.00047288596051173534,0.4900537583245231,0.47014130858172265,1.8217772591326917,0.194918701824333,0.760374897093113,0.7743200940479126,0.10141085088253021,15.689360618591309,0.4784870147705078,0.2015068531036377,0.7230198383331299,0.4835001230239868,0.2021782100200653,0.4015600383281708,0.20261242985725403,0.5488550066947937,0.19973810017108917,0.7230198383331299
101,7.709986686706543,0.000468157100906618,0.4537268997436123,0.45591854956001043,1.8325304287884916,0.19478996809838073,0.7932420558894852,0.7964820823233042,,,,,,,,,,,,
102,7.760819673538208,0.00046342824130150064,0.48277744251702515,0.48075333929487635,1.8382348237293107,0.19480205646583013,0.766877719999424,0.7792342203403158,,,,,,,,,,,,
103,7.623811483383179,0.0004586993816963833,0.4719695041421801,0.4821655065087335,1.8289790068353926,0.19603526392685516,0.7615308246708342,0.7710629857943526,,,,,,,,,,,,
104,7.689291477203369,0.0004539705220912659,0.44625279234190074,0.43974908494523596,1.8525123479110854,0.19426083737718208,0.7904974315315485,0.8036966832088572,,,,,,,,,,,,
105,7.635304927825928,0.00044924166248614853,0.4611471548809537,0.4659482793483351,1.869260949747903,0.19594555906951427,0.7855889954870301,0.784330570405083,0.09942928701639175,15.847825050354004,0.47647470235824585,0.2027614265680313,0.7262867242097855,0.47581419348716736,0.20794114470481873,0.39817288517951965,0.20401141047477722,0.5539721846580505,0.1962576061487198,
106,7.58927845954895,0.0004445128028810312,0.43665915727615356,0.4232618214362966,1.9145525635353156,0.19556364603340626,0.8067829674109817,0.8110536464623043,,,,,,,,,,,,
107,7.659967422485352,0.0004397839432759139,0.4785813083872199,0.4706846726393061,1.8745342530310154,0.19486394684229577,0.7805154285160825,0.7838408632336983,,,,,,,,,,,,
108,7.644914150238037,0.00043505508367079653,0.43328974179790486,0.43720030172594954,1.9063031782529183,0.1956784107855388,0.7970116464421153,0.8056327279524079,,,,,,,,,,,,
109,7.682854413986206,0.0004303262240656792,0.4492467428291483,0.4374265141086653,1.9357249170009578,0.19431966875812837,0.8032354505765917,0.8056896656884679,,,,,,,,,,,,
110,7.645296335220337,0.0004255973644605618,0.44957491056993604,0.4411700735799968,1.9449560192546673,0.19582281141941035,0.7879122454989036,0.7994886429182121,0.1010807678103447,15.647604942321777,0.47545555233955383,0.20703758299350739,0.7315820306539536,0.4739946126937866,0.20519424974918365,0.4078817367553711,0.21232539415359497,0.5432429313659668,0.20372772216796875,
111,7.70456075668335,0.0004208685048554445,0.42270165375833,0.42499909682997633,1.9131453079836709,0.19481973283525025,0.8083374930013504,0.8158425040476557,,,,,,,,,,,,
112,7.63277792930603,0.0004161396452503271,0.4331536442041397,0.4233801020309329,1.954139212944678,0.19505710673651525,0.7984750661333757,0.815768478172166,,,,,,,,,,,,
113,7.678475856781006,0.0004114107856452097,0.42098008232590345,0.40829351471204844,1.9599198772172843,0.19419343503458159,0.8098293824919632,0.8262288027576038,,,,,,,,,,,,
114,7.675836086273193,0.00040668192604009236,0.4469497968509261,0.44581179400639875,1.9820071175428373,0.19524109749389545,0.7926441597186827,0.7973703839982461,,,,,,,,,,,,
115,7.6704933643341064,0.000401953066434975,0.46015596369813594,0.447594639179962,1.9665146637707949,0.19443614115672453,0.7815233095731985,0.7887663829273411,0.10380035638809204,15.559378623962402,0.4625619351863861,0.19960571825504303,0.7370437830686569,0.466299444437027,0.20250724256038666,0.3911761939525604,0.20018437504768372,0.5287928581237793,0.1960817128419876,
116,7.700313568115234,0.00039722420682985766,0.40500275966977434,0.4029191151660468,1.9237197344856602,0.19569789511816843,0.8214399450059447,0.8327600939332375,,,,,,,,,,,,
117,7.607694864273071,0.00039249534722474036,0.38332663346747203,0.3831083023188902,2.008815929825817,0.19508574676832982,0.8401113652757236,0.8430495922719794,,,,,,,,,,,,
118,7.686349630355835,0.000387766487619623,0.43514306637059363,0.42802527620057973,2.098857328827892,0.1953577765130571,0.7965788847234633,0.8068569883970278,,,,,,,,,,,,
119,7.619859457015991,0.00038303762801450566,0.3740712287503162,0.37962985284892575,2.0212951555315937,0.1936182158866099,0.8425769699471337,0.8472462475432881,,,,,,,,,,,,
120,7.6684136390686035,0.0003783087684093883,0.4096847633565111,0.4172932018326329,2.053727548569441,0.19448808514113938,0.817863957557295,0.8235240381743226,0.09925651550292969,15.857939720153809,0.474595308303833,0.1996116042137146,0.7250162959098816,0.47634804248809814,0.20402424037456512,0.3977087140083313,0.20088551938533783,0.548245370388031,0.19386586546897888,
121,7.687485218048096,0.00037357990880427096,0.38135197535822435,0.37896521875102607,2.02738786808082,0.1943502565845847,0.8389839024416038,0.8474398508135762,,,,,,,,,,,,
122,7.651222467422485,0.00036885104919915355,0.40606141765601933,0.39555596839636564,2.081781370565295,0.19432188743459328,0.8186953222778227,0.8298503372019955,,,,,,,,,,,,
123,7.662294626235962,0.0003641221895940362,0.37755904060655404,0.3789851490208613,2.055030175085579,0.19439267912613495,0.8396387422191245,0.840037338701742,,,,,,,,,,,,
124,7.68408727645874,0.00035939332998891885,0.3832409097147839,0.37028938538527917,2.117549896772419,0.19330224873764174,0.8345993380727512,0.846802096547825,,,,,,,,,,,,
125,7.698484659194946,0.0003546644703838015,0.3786864508209484,0.3715247646572867,2.145260214805603,0.19379026482680015,0.836700512229332,0.8468761232548526,0.10092797875404358,15.692926406860352,0.47432371973991394,0.19835765659809113,0.7240339368581772,0.4753532111644745,0.20342494547367096,0.40730908513069153,0.19557899236679077,0.5390249490737915,0.195920929312706,
126,7.626682758331299,0.00034993561077868414,0.35313157131895423,0.3594279282925917,2.16777758992144,0.19375809135713748,0.8548594476389033,0.852405230248613,,,,,,,,,,,,
127,7.6387553215026855,0.0003452067511735668,0.37125315949586885,0.36971788946539164,2.1472432666591237,0.19425258306520327,0.8383746163121292,0.8460447607295853,,,,,,,,,,,,
128,7.608616352081299,0.00034047789156844944,0.36401142585756524,0.3677949533199093,2.136453753071172,0.1947617113058056,0.8508734782891614,0.8505375212324517,,,,,,,,,,,,
129,7.644507169723511,0.0003357490319633321,0.340924633666873,0.32946113270840477,2.1956133571054255,0.19417463256312267,0.8661852977903826,0.8766228420925992,,,,,,,,,,,,
130,7.6371800899505615,0.00033102017235821474,0.4120272668078542,0.40273647311343147,2.2374861038156917,0.19556437153369188,0.8258302044622334,0.8313023685477674,0.09996459633111954,15.76138973236084,0.473611980676651,0.2068687081336975,0.7332567274570465,0.47610992193222046,0.20791207253932953,0.40017038583755493,0.21589192748069763,0.5431228280067444,0.1969527155160904,
131,7.661847352981567,0.0003262913127530974,0.36568631435511634,0.3677863608047898,2.137506902217865,0.19346735253930092,0.8477587296095278,0.8552352691601429,,,,,,,,,,,,
132,7.691569089889526,0.00032156245314798,0.344670654224631,0.3387411313264498,2.1653369702398777,0.1930818742673312,0.8594717843724149,0.8698182232411844,,,,,,,,,,,,
133,7.640970706939697,0.0003168335935428626,0.3530830651954083,0.3519557687520449,2.1777228827455213,0.1947283088894827,0.8533163093296545,0.8635374729388526,,,,,,,,,,,,
134,7.6853461265563965,0.00031210473393774533,0.33251082092257483,0.326788200730724,2.2089025623032024,0.19267613653625762,0.865946138543742,0.8774086473775762,,,,,,,,,,,,
135,7.634424448013306,0.000307375874332628,0.38953281480020713,0.37113856597404393,2.1919206556464945,0.19324457153145755,0.8229375292680093,0.8408573098214609,0.10127244889736176,15.669463157653809,0.47724342346191406,0.20203836262226105,0.724794939160347,0.4824616611003876,0.2065105438232422,0.401324063539505,0.20655862987041473,0.5464137196540833,0.19304677844047546,
136,7.674865961074829,0.0003026470147275106,0.35628492824201075,0.35898954096150454,2.2016480676829815,0.19315547442861966,0.8513802706064391,0.8605081385799817,,,,,,,,,,,,
137,7.624128818511963,0.00029791815512239327,0.32277621189132333,0.32031323654311045,2.1843352408281396,0.1941043608156698,0.8743850051292351,0.8870717767359955,,,,,,,,,,,,
138,7.6694676876068115,0.0002931892955172759,0.37658415525220335,0.3658311660068908,2.1905908986393894,0.1945939782474722,0.8354079159242767,0.8428161256015301,,,,,,,,,,,,
139,7.640368938446045,0.00028846043591215857,0.323197626325834,0.3236510598632906,2.2019462244851247,0.19401143411440508,0.8764178480154702,0.8779439087957144,,,,,,,,,,,,
140,7.69159197807312,0.0002837315763070412,0.32532620669475626,0.32495690838965985,2.214827745088509,0.19363578821399383,0.875734541831272,0.8787069336644241,0.10054130107164383,15.693440437316895,0.474195659160614,0.20427030324935913,0.7300746440887451,0.47703298926353455,0.20780280232429504,0.4039703905582428,0.20387013256549835,0.5402051210403442,0.20106379687786102,
141,7.732456207275391,0.00027900271670192387,0.3148704631520169,0.3126989209392507,2.2665761964661733,0.19400890291269338,0.8809675509110093,0.8850104619881937,,,,,,,,,,,,
142,7.600067138671875,0.0002742738570968065,0.3150066178724436,0.3056573279734169,2.2523390725255013,0.19384619433965003,0.8788549820227283,0.892156731603401,,,,,,,,,,,,
143,7.675238132476807,0.00026954499749168916,0.33377276261204053,0.32826812964464935,2.246844910617386,0.1932140031297292,0.8659062776714563,0.8748234630163226,,,,,,,,,,,,
144,7.60721230506897,0.0002648161378865718,0.29992903262609616,0.30079410361525205,2.286966516503266,0.1940473130505,0.8939618111721107,0.8945881766932351,,,,,,,,,,,,
145,7.686004877090454,0.00026008727828145446,0.30960103591704474,0.30316120462625157,2.2718091245208467,0.19424762656646116,0.8836153711059264,0.8923047872792397,0.10385823994874954,15.564072608947754,0.4537203907966614,0.2104617953300476,0.7567414045333862,0.4568617641925812,0.21286337077617645,0.38144171237945557,0.2151070237159729,0.5214345455169678,0.2034572809934616,
146,7.694643974304199,0.0002553584186763371,0.31588099820406307,0.3174417970502483,2.3298021240958144,0.19337664411536284,0.8799027257731983,0.877704748085567,,,,,,,,,,,,
147,7.6282243728637695,0.00025062955907121975,0.32067961112729143,0.31668953261604266,2.3431636073759625,0.19337700613375222,0.8681611996144056,0.8729215865688664,,,,,,,,,,,,
148,7.6409666538238525,0.0002459006994661024,0.29866569781942026,0.2959613134818418,2.3330490913774287,0.1937551712617278,0.8877664719309125,0.8983634566622121,,,,,,,,,,,,
149,7.6368701457977295,0.00024117183986098502,0.29201280222540454,0.2897421538031527,2.3079954822148596,0.19317349445606982,0.8927603217640093,0.90076073232506,,,,,,,,,,,,
150,7.66506552696228,0.00023644298025586767,0.3119245617916541,0.30427766155584585,2.302490554217781,0.1929596540118967,0.8781261231218066,0.8901637486581292,0.10193602740764618,15.707229614257812,0.46499934792518616,0.2039506584405899,0.7389513105154037,0.46194493770599365,0.2129027247428894,0.3874170184135437,0.2038600742816925,0.5442298054695129,0.19491852819919586,
151,7.691304445266724,0.00023171412065075032,0.3018405179027468,0.2985178208244698,2.2982102738959447,0.19393119681626558,0.8843556219445807,0.8922478415604148,,,,,,,,,,,,
152,7.648836851119995,0.00022698526104563294,0.28850876576533274,0.285640527959913,2.343540101711239,0.19341175923390047,0.8945824804582766,0.8991037117583411,,,,,,,,,,,,
153,7.625517845153809,0.0002222564014405156,0.2886632003937848,0.2817459444382361,2.3134312299745425,0.19275577792099544,0.8930621189730508,0.9058399972106729,,,,,,,,,,,,
154,7.686917304992676,0.00021752754183539824,0.29443281335989013,0.29112223918283625,2.336831167872463,0.19271558549787318,0.8866902605763504,0.8957896610455853,,,,,,,,,,,,
155,7.66118597984314,0.00021279868223028089,0.27990161115303636,0.27538596240005325,2.3791353436453,0.19333152300012962,0.9007493435804333,0.904894754822765,0.10208651423454285,15.721453666687012,0.4706938564777374,0.20282219350337982,0.7321283370256424,0.4692525565624237,0.2078544795513153,0.38904812932014465,0.2068469524383545,0.5522675514221191,0.1937461644411087,
156,7.618977308273315,0.0002080698226251636,0.28976497177167665,0.2894056634644845,2.32361076772213,0.19502733727650984,0.8966153261384794,0.8980559669435024,,,,,,,,,,,,
157,7.6191465854644775,0.0002033409630200462,0.30809909988394274,0.302763121418788,2.325733710080385,0.19275768460439785,0.8812010123261383,0.884082301386765,,,,,,,,,,,,
158,7.597285747528076,0.00019861210341492886,0.2791443407934691,0.2726480660827032,2.337912017745631,0.191936125247074,0.8987563574420554,0.9096152787762029,,,,,,,,,,,,
159,7.652906179428101,0.0001938832438098115,0.2722606245494847,0.27093628431404276,2.3226061186620166,0.19171733329338686,0.9070813413709402,0.9099227679627282,,,,,,,,,,,,
160,7.621480464935303,0.00018915438420469415,0.30690808181783985,0.29705199246693936,2.353017346667392,0.19258349242487124,0.8745672190561891,0.8888939355633089,0.10090047866106033,15.719614028930664,0.47283944487571716,0.19885092973709106,0.7260114848613739,0.469076007604599,0.20628498494625092,0.396377295255661,0.20259684324264526,0.5516933798789978,0.18760143220424652,
161,7.7127673625946045,0.00018442552459957677,0.25323629678626147,0.2521497166183378,2.3223943497453416,0.19246054600392068,0.9227575888591153,0.9263392665556499,,,,,,,,,,,,
162,7.61532187461853,0.00017969666499445942,0.24903831053857825,0.24343349259080632,2.3765524785433496,0.1929170267124261,0.9180142860859632,0.930701058357954,,,,,,,,,,,,
163,7.656783103942871,0.00017496780538934207,0.2676386012462899,0.26751389098353684,2.3741234860249927,0.1926452542788216,0.9051851600940738,0.9086358733475208,,,,,,,,,,,,
164,7.671611070632935,0.00017023894578422472,0.263261914452804,0.25611847888545264,2.3384913536054746,0.19166904448398522,0.9105377439409494,0.9210379272699356,,,,,,,,,,,,
165,7.670931816101074,0.00016551008617910737,0.26586377201601863,0.2592272152791598,2.3489591287715093,0.19209334879581416,0.9053218199738434,0.917330978172166,0.1003744825720787,15.809059143066406,0.4764673113822937,0.20239847898483276,0.7259311676025391,0.4764977991580963,0.2102600336074829,0.3982194662094116,0.20389333367347717,0.5532075762748718,0.1929219514131546,
166,7.654120922088623,0.00016078122657399,0.25197983074135016,0.24181041926411645,2.348960549703666,0.19242792150803975,0.9173480618212905,0.934049270514931,,,,,,,,,,,,
167,7.581101655960083,0.00015605236696887264,0.25911254598759115,0.24996322257045125,2.378506683877536,0.19215979839542083,0.910577606143696,0.9220230315944978,,,,,,,,,,,,
168,7.621690511703491,0.00015132350736375529,0.25276360447086127,0.24930180818773806,2.3860108415995325,0.1918665213244302,0.9166248917047467,0.9260090017425162,,,,,,,,,,,,
169,7.6044838428497314,0.000146594647758638,0.24739114279925292,0.2516865199099162,2.385914704629353,0.19144427829555102,0.9202635091330323,0.9204912787037236,,,,,,,,,,,,
170,7.652295112609863,0.00014186578815352064,0.2507320470841868,0.24446041180220032,2.362333945930004,0.19164792355149984,0.9207702992217881,0.9258324831191983,0.1000705435872078,15.839266777038574,0.47608745098114014,0.20247386395931244,0.7263864129781723,0.4730615019798279,0.2078315168619156,0.4003491997718811,0.20486252009868622,0.5534798502922058,0.19467155635356903,
171,7.707048654556274,0.00013713692854840326,0.24338653696967022,0.24183618273985172,2.3565794580749104,0.19202190650893108,0.9242551720568112,0.9291750022343227,,,,,,,,,,,,
172,7.612694025039673,0.0001324080689432859,0.25935365236364305,0.23875086694689734,2.3760223016142845,0.19233097521854298,0.911613955960742,0.9320448977606637,,,,,,,,,,,,
173,7.668301343917847,0.00012767920933816855,0.23482541566980736,0.2376199604145118,2.3623443490692546,0.19066400160746916,0.9318512944238526,0.9340321884623596,,,,,,,,,,,,
174,7.647390127182007,0.0001229503497330512,0.2541886953903096,0.24674040421710483,2.3850439244082997,0.19322353694587946,0.912747112768037,0.9236629722373826,,,,,,,,,,,,
175,7.680233716964722,0.00011822149012793384,0.2317856232901769,0.22511411874022866,2.367475276546819,0.1922877879281129,0.9316064414701292,0.944856942232166,0.1018637865781784,15.667518615722656,0.4750879108905792,0.20275449752807617,0.727666586637497,0.4731510281562805,0.21019725501537323,0.4018583297729492,0.203741654753685,0.5489091873168945,0.19420276582241058,
176,7.672671556472778,0.00011349263052281647,0.23561919540432946,0.24045669756430602,2.383888985429491,0.19279929250478745,0.9312761755926269,0.929499569482037,,,,,,,,,,,,
177,7.634390115737915,0.00010876377091769912,0.2301179341572736,0.217615929731567,2.342574365437031,0.19105386680790357,0.9346471641744886,0.9483702901218619,,,,,,,,,,,,
178,7.591864585876465,0.00010403491131258177,0.2295656371529081,0.2323847124020436,2.372513655040945,0.1923947942310146,0.9360536453979356,0.9343169001596314,,,,,,,,,,,,
179,7.654780387878418,9.93060517074644e-05,0.23508057071428215,0.23013438424095511,2.3462500316756114,0.19153705618477293,0.9302113519183227,0.9370387473276683,,,,,,,,,,,,
180,7.592113971710205,9.457719210234705e-05,0.22945623329308415,0.23169483450640524,2.385837327156748,0.19168869099978889,0.9343396792454379,0.9316975487662214,0.09978791326284409,15.866776466369629,0.47448793053627014,0.20188695192337036,0.7273990213871002,0.47393545508384705,0.20750844478607178,0.39990097284317017,0.2058294713497162,0.5482304692268372,0.192291259765625,
181,7.614551305770874,8.984833249722968e-05,0.22856700756320997,0.22558996314182878,2.349597716970103,0.19167094384985311,0.9325858503580093,0.9395612970526729,,,,,,,,,,,,
182,7.639207601547241,8.511947289211239e-05,0.2307006502191403,0.2265679435471871,2.3239567364965166,0.19075686710753612,0.9323011386607375,0.9416852460375854,,,,,,,,,,,,
183,7.634244680404663,8.039061328699502e-05,0.21906500356271863,0.21384796836147352,2.3517551805291856,0.19113732914307288,0.9393107502588204,0.9513939294431891,,,,,,,,,,,,
184,7.6806230545043945,7.566175368187767e-05,0.22535100773841674,0.22333075405497635,2.3266107897673334,0.19276213313319854,0.9320278146437236,0.9420781540019172,,,,,,,,,,,,
185,7.628127336502075,7.093289407676032e-05,0.2225647270679474,0.215643502106624,2.344572768679687,0.19119928391384228,0.9386445249297789,0.9452213746096406,0.0999005064368248,15.813794136047363,0.47729718685150146,0.2008347362279892,0.7235375493764877,0.4744260013103485,0.20631043612957,0.4083004593849182,0.20491589605808258,0.5479174852371216,0.19125157594680786,
186,7.6889729499816895,6.620403447164295e-05,0.21211468815870052,0.20836409394230163,2.353778613465173,0.19158629780369146,0.9465879930981568,0.9531306746814933,,,,,,,,,,,,
187,7.600943088531494,6.14751748665256e-05,0.2093872901917036,0.20992746553383768,2.370817762400423,0.1911701879331044,0.9461723124342305,0.9498394051832812,,,,,,,,,,,,
188,7.6047186851501465,5.6746315261408235e-05,0.2174821410028796,0.21060960324081993,2.335164986550808,0.19127623504027724,0.9399883677916867,0.9509440868028572,,,,,,,,,,,,
189,7.654650926589966,5.2017455656290883e-05,0.2091727215031694,0.20554995962551662,2.338784405163356,0.1906464999275548,0.9454434460827282,0.9564845849360738,,,,,,,,,,,,
190,7.666234016418457,4.7288596051173525e-05,0.21254163890677905,0.20675350971786038,2.339099229446479,0.19186358233647688,0.9439686393099171,0.9519576600619725,0.09976442903280258,15.851875305175781,0.47772398591041565,0.2011081725358963,0.7233841866254807,0.47511616349220276,0.20770962536334991,0.40518105030059814,0.20502164959907532,0.551555335521698,0.1905425488948822,
191,7.687854528427124,4.2559736446056166e-05,0.20149727461726538,0.19942167374704564,2.3387761999453818,0.19152689379240787,0.9537798182240554,0.9591950412307467,,,,,,,,,,,,
192,7.592495918273926,3.783087684093881e-05,0.20778320945932396,0.20412500608446343,2.290830143860408,0.1918030965274998,0.9485638950552259,0.9599409885704517,,,,,,,,,,,,
193,7.6654157638549805,3.310201723582145e-05,0.19750122659440553,0.19095550311197126,2.3565168944852695,0.19106171493019378,0.9551065782351154,0.9644565231033734,,,,,,,,,,,,
194,7.63705587387085,2.8373157630704145e-05,0.1943160093921636,0.19207907767434204,2.3358099598969733,0.19037621415087155,0.9560689048043319,0.9646672122180462,,,,,,,,,,,,
195,7.655518531799316,2.364429802558679e-05,0.18914560305087694,0.18788438782628095,2.3466978445649147,0.19017809336738928,0.9581245263772351,0.9675598847014564,0.10067363828420639,15.771576881408691,0.47708824276924133,0.20077358186244965,0.7236853390932083,0.4742105007171631,0.2074034959077835,0.4039064049720764,0.20391163229942322,0.5518213510513306,0.19093972444534302,
196,7.669789552688599,1.891543842046943e-05,0.18932883527928165,0.18301232877586568,2.359087308602674,0.1904511661934001,0.9585231207311153,0.968789841979742,,,,,,,,,,,,
197,7.597606897354126,1.4186578815352072e-05,0.18935846001841128,0.1847752582148782,2.331041479749339,0.1903089958110026,0.9593658697392259,0.9689492806792259,,,,,,,,,,,,
198,7.614944696426392,9.457719210234715e-06,0.19555813230441085,0.1900060411343085,2.3020925149321556,0.19018076027610473,0.9554482299302306,0.9674687768731799,,,,,,,,,,,,
199,7.58768892288208,4.728859605117358e-06,0.19077896270235734,0.1861155514073159,2.302511806998934,0.1901839038889323,0.9592462895171983,0.9694788445319448,,,,,,,,,,,,
200,7.6493213176727295,0.0,0.19150929798239044,0.19074822070875339,2.2722286794866835,0.1908811308177454,0.9600093194416591,0.9667285270988941,0.09982448816299438,15.837896347045898,0.478152871131897,0.20088723301887512,0.7227343618869781,0.4741818606853485,0.20577362179756165,0.40429866313934326,0.2054499238729477,0.5546596646308899,0.19143201410770416,0.7227343618869781
